Workbook

Sheet Side 1
B1: Paste the Side 1 Points Here
B2: X | C2: Y | D2: Z | E2: Side 2 Z Value | F2: TTV | I2: ∆Z | J2: Z0
A3: 1 | B3: 67.503589 | C3: 0.0012248 | D3: 35.557998 | E3: =INDEX('Side 2'!E:E,MATCH('Side 1'!A3,'Side 2'!B:B,0)) -> 35.55821 | F3: =I3-'Side 2'!G3 -> -0.0020431637 | I3: =D3-J$3 -> -0.0042085255 | J3: =AVERAGE(D3:D104) -> 35.562207
A4: 2 | B4: 66.477441 | C4: 11.722584 | D4: 35.558133 | E4: =INDEX('Side 2'!E:E,MATCH('Side 1'!A4,'Side 2'!B:B,0)) -> 35.558469 | F4: =I4-'Side 2'!G4 -> -0.0013884637 | I4: =D4-J$3 -> -0.0040733255
A5: 3 | B5: 63.43191 | C5: 23.087301 | D5: 35.558756 | E5: =INDEX('Side 2'!E:E,MATCH('Side 1'!A5,'Side 2'!B:B,0)) -> 35.559075 | F5: =I5-'Side 2'!G5 -> -0.00025846373 | I5: =D5-J$3 -> -0.0034503255
A6: 4 | B6: 58.459207 | C6: 33.750916 | D6: 35.559092 | E6: =INDEX('Side 2'!E:E,MATCH('Side 1'!A6,'Side 2'!B:B,0)) -> 35.559291 | F6: =I6-'Side 2'!G6 -> 0.00053153627 | I6: =D6-J$3 -> -0.0031143255
A7: 5 | B7: 51.710549 | C7: 43.389093 | D7: 35.559439 | E7: =INDEX('Side 2'!E:E,MATCH('Side 1'!A7,'Side 2'!B:B,0)) -> 35.559965 | F7: =I7-'Side 2'!G7 -> 0.0010435363 | I7: =D7-J$3 -> -0.0027678255
A8: 6 | B8: 43.390256 | C8: 51.709282 | D8: 35.560311 | E8: =INDEX('Side 2'!E:E,MATCH('Side 1'!A8,'Side 2'!B:B,0)) -> 35.56023 | F8: =I8-'Side 2'!G8 -> 0.0022829363 | I8: =D8-J$3 -> -0.0018956255
A9: 7 | B9: 33.751806 | C9: 58.457957 | D9: 35.560965 | E9: =INDEX('Side 2'!E:E,MATCH('Side 1'!A9,'Side 2'!B:B,0)) -> 35.560712 | F9: =I9-'Side 2'!G9 -> 0.0031257363 | I9: =D9-J$3 -> -0.0012417255
A10: 8 | B10: 23.08796 | C10: 63.430523 | D10: 35.561478 | E10: =INDEX('Side 2'!E:E,MATCH('Side 1'!A10,'Side 2'!B:B,0)) -> 35.56175 | F10: =I10-'Side 2'!G10 -> 0.0035627363 | I10: =D10-J$3 -> -0.00072822549
A11: 9 | B11: 11.722683 | C11: 66.475823 | D11: 35.561381 | E11: =INDEX('Side 2'!E:E,MATCH('Side 1'!A11,'Side 2'!B:B,0)) -> 35.561569 | F11: =I11-'Side 2'!G11 -> 0.0032363363 | I11: =D11-J$3 -> -0.00082542549
A12: 10 | B12: 0.0017623 | C12: 67.501481 | D12: 35.561788 | E12: =INDEX('Side 2'!E:E,MATCH('Side 1'!A12,'Side 2'!B:B,0)) -> 35.561966 | F12: =I12-'Side 2'!G12 -> 0.0033817363 | I12: =D12-J$3 -> -0.00041822549
A13: 11 | B13: -11.719215 | C13: 66.475418 | D13: 35.56148 | E13: =INDEX('Side 2'!E:E,MATCH('Side 1'!A13,'Side 2'!B:B,0)) -> 35.562228 | F13: =I13-'Side 2'!G13 -> 0.0026757363 | I13: =D13-J$3 -> -0.00072672549
A14: 12 | B14: -23.084671 | C14: 63.429231 | D14: 35.561696 | E14: =INDEX('Side 2'!E:E,MATCH('Side 1'!A14,'Side 2'!B:B,0)) -> 35.562457 | F14: =I14-'Side 2'!G14 -> 0.0030727363 | I14: =D14-J$3 -> -0.00051072549
A15: 13 | B15: -33.748555 | C15: 58.456323 | D15: 35.561016 | E15: =INDEX('Side 2'!E:E,MATCH('Side 1'!A15,'Side 2'!B:B,0)) -> 35.562534 | F15: =I15-'Side 2'!G15 -> 0.0013551363 | I15: =D15-J$3 -> -0.0011905255
... A104: 102 | B104: 1.2540732 | C104: -2.1656186 | D104: 35.568656 | E104: =INDEX('Side 2'!E:E,MATCH('Side 1'!A104,'Side 2'!B:B,0)) -> 35.555816 | F104: =I104-'Side 2'!G104 -> 0.0037483363 | I104: =D104-J$3 -> 0.0064490745

Sheet Side 2
C1: Paste the points here
A2: S2 P# | B2: S1 P# | C2: X | D2: Y | E2: Z | G2: ∆Z | H2: Z0
A3: 1 | B3: 19 | C3: 67.503249 | D3: 0.0012978 | E3: 35.560332 | G3: =H$3-E3 -> -0.0021653618 | H3: =AVERAGE(E3:E104) -> 35.558166
A4: 2 | B4: 18 | C4: 66.477262 | D4: 11.722986 | E4: 35.560851 | G4: =H$3-E4 -> -0.0026848618
A5: 3 | B5: 17 | C5: 63.431959 | D5: 23.088047 | E5: 35.561358 | G5: =H$3-E5 -> -0.0031918618
A6: 4 | B6: 16 | C6: 58.45921 | D6: 33.751401 | E6: 35.561812 | G6: =H$3-E6 -> -0.0036458618
A7: 5 | B7: 15 | C7: 51.71009 | D7: 43.389345 | E7: 35.561978 | G7: =H$3-E7 -> -0.0038113618
A8: 6 | B8: 14 | C8: 43.389207 | D8: 51.709532 | E8: 35.562345 | G8: =H$3-E8 -> -0.0041785618
A9: 7 | B9: 13 | C9: 33.751568 | D9: 58.457937 | E9: 35.562534 | G9: =H$3-E9 -> -0.0043674618
A10: 8 | B10: 12 | C10: 23.087601 | D10: 63.431001 | E10: 35.562457 | G10: =H$3-E10 -> -0.0042909618
A11: 9 | B11: 11 | C11: 11.722333 | D11: 66.476036 | E11: 35.562228 | G11: =H$3-E11 -> -0.0040617618
A12: 10 | B12: 10 | C12: 0.0018174 | D12: 67.50184 | E12: 35.561966 | G12: =H$3-E12 -> -0.0037999618
A13: 11 | B13: 9 | C13: -11.7193 | D13: 66.475594 | E13: 35.561569 | G13: =H$3-E13 -> -0.0034024618
A14: 12 | B14: 8 | C14: -23.084718 | D14: 63.429154 | E14: 35.56175 | G14: =H$3-E14 -> -0.0035834618
A15: 13 | B15: 7 | C15: -33.748474 | D15: 58.456227 | E15: 35.560712 | G15: =H$3-E15 -> -0.0025456618
... A104: 102 | B104: 101 | C104: 1.2536615 | D104: -2.1656688 | E104: 35.555466 | G104: =H$3-E104 -> 0.0027007382

Sheet Points relation
A1: S1 P# | B1: S2 P#
A2: 1 | B2: 19
A3: 2 | B3: 18
A4: 3 | B4: 17
A5: 4 | B5: 16
A6: 5 | B6: 15
A7: 6 | B7: 14
A8: 7 | B8: 13
A9: 8 | B9: 12
A10: 9 | B10: 11
A11: 10 | B11: 10
A12: 11 | B12: 9
A13: 12 | B13: 8
... A103: 102 | B103: 101
